GivenName,Surname,Gender,DOB,TelephoneNumber,BloodType
Viënne,van Sluijs,female,4/15/1995,06-23499151,B+
Leonardus,Vossebeld,male,12/12/1951,06-25233988,O+
Iefke,van Iterson,female,2/10/2004,06-35323834,O+
Natalya,Steijn,female,11/10/1972,06-57547041,A+
Jing,Braak,female,12/16/1972,06-38815514,B+
Ashley,Windt,female,1/21/1959,06-76949781,O+
Eyüp,Wilschut,male,11/13/1969,06-62920934,B+
Kerwin,Spijker,male,5/8/1993,06-80533025,A+
Aliye,Banning,female,12/23/1955,06-83067572,B+
Ramón,Piels,male,12/13/1982,06-20754413,O+
Nermin,Gierveld,female,6/14/1974,06-69393610,B+
Liana,Worm,female,9/29/2002,06-96784769,O+
Paloma,Meesters,female,8/1/1965,06-21832800,B+
Kenney,Bannink,male,10/19/1983,06-30623819,B+
Marjet,Dammers,female,12/16/1966,06-71773534,O+
Carmel,Hoeks,female,12/18/1984,06-43169720,O+
Safouane,Verhaar,male,3/18/1966,06-73461400,A+
Arnoud,Bleumink,male,11/2/1968,06-59474891,A+
Renée,Teeuwisse,female,4/4/1962,06-45979187,O+
Lenie,Severens,female,5/8/1985,06-50229863,O+
Lot,van Houdt,female,5/22/1980,06-91466335,O+
Hafida,Sönmez,female,1/4/2005,06-49388895,O-
Sydney,Aydin,male,3/5/1952,06-60097773,A+
Berdien,Meppelink,female,10/5/1970,06-63619775,O+
Rosalynn,Haaksema,female,11/27/1966,06-80174673,B+
Tjarco,Weerheim,male,1/20/1975,06-28920129,B+
Müge,van der Klugt,female,12/9/1974,06-45306805,B+
Romijn,Denkers,male,4/30/1949,06-68723550,B+
Dajo,Boekhout,male,9/7/1976,06-86152972,O-
Jonah,Dorrestijn,male,5/11/2005,06-19242842,O+
Yvar,Berg,male,8/26/1963,06-58819419,B+
Daryl,Romme,male,8/10/1988,06-79332010,O+
Giano,van der Laak,male,7/30/1981,06-61229076,B+
Brayn,Huis in 't Veld,male,11/3/1986,06-50707065,O+
Wafaa,Arnoldussen,female,4/2/1996,06-25363179,O+
Elbrich,den Breejen,female,1/7/1967,06-42914714,A+
Evertje,Kuijsten,female,2/12/1981,06-24036951,O+
Gonda,John,female,7/7/2002,06-94050160,B+
Safira,Vaneker,female,11/18/1995,06-12167699,B+
Fébe,Bal,female,3/15/1974,06-81060774,O+
Lizanne,Handels,female,3/13/1985,06-38774896,A+
Véronique,Sombroek,female,3/16/1978,06-37615551,A+
Haitam,Molenaar,male,8/24/2001,06-35636800,O+
Youssef,Boven,male,6/6/1957,06-13795513,A+
Howard,Ramadhin,male,7/26/1966,06-77322449,A+
Rinaldo,Schenkeveld,male,8/11/1970,06-91657757,O+
Lore,Verver,female,3/13/1984,06-64210974,O+
Angéla,van de Kolk,female,6/17/1960,06-63156993,B+
Şirin,de Valk,female,3/7/1950,06-44126203,A+
Yvanka,van Holland,female,3/18/1968,06-60919397,O+
Betty,Schiltmans,female,9/24/2001,06-55675941,A+
Gaetano,Maasdam,male,12/21/1957,06-51868061,O+
Emi,Henneman,female,1/25/1989,06-59727154,A+
Klaaske,van der Palen,female,12/26/2000,06-70617857,O+
Dorus,Wassink,male,6/30/1970,06-70288065,O-
Hamzah,Vet,male,11/16/1974,06-13727215,AB+
Nathan,Baak,male,9/18/1993,06-89486763,O+
Zenzi,van Bentem,female,9/17/1973,06-41712487,B+
Ludwina,van der Pal,female,8/26/1993,06-57442360,O+
Levent,Lenten,male,4/27/1959,06-70614943,B+
Muhamed,van der Lubbe,male,11/13/1997,06-87462088,AB+
Ludo,Robben,male,11/16/1974,06-24163837,B-
Karmen,Jordans,female,4/15/1984,06-53375731,B+
Chaima,van den Hof,female,8/20/1961,06-25841678,O+
Hendrick,Keeris,male,1/22/1999,06-77993122,O+
Binck,Langbroek,male,8/14/1961,06-41820329,B+
Santiago,Zijlstra,male,3/25/1979,06-41718254,B+
Romee,Spijkerboer,female,3/7/1981,06-10741984,B+
Leora,van der Stelt,female,6/6/1964,06-52981814,O+
Edmund,Houtveen,male,2/15/1968,06-49723828,B+
Farah,Tesselaar,female,2/21/1957,06-62070066,A+
Wiepke,van der Vis,female,11/15/1974,06-10437090,B+
Clint,van der Wiel,male,7/13/1995,06-44342652,O+
Fahd,Janse,male,10/8/1951,06-18564680,O+
Bastiaan,Lenting,male,7/17/1975,06-19776344,A+
Navid,Verweijen,male,9/4/1996,06-83710763,O+
Kwame,de Swart,male,3/23/1956,06-52623630,A+
Mientje,Lammerts van Bueren,female,12/10/1967,06-55344021,O+
Jorginho,van Heumen,male,6/15/1965,06-45697356,O+
Sjon,Hessels,male,3/15/1983,06-16032284,A+
Holger,Kerckhoffs,male,12/3/1971,06-78615910,A+
Djoeke,van Wersch,female,1/29/1994,06-14151786,O-
Sigrid,Turksma,female,7/27/2003,06-53335901,O+
Marjoleine,Haar,female,12/3/1990,06-56527233,A+
Tetje,Nagtzaam,female,8/5/1992,06-53907395,O+
Nour-Eddine,van Minnen,male,7/21/1948,06-56182781,A+
Yorian,Wijkstra,male,2/1/1985,06-55665957,O+
Cherise,Paulissen,female,11/1/1965,06-73556508,A+
Hilke,Mohammadi,female,10/15/1979,06-26533324,O+
Mattie,Greve,female,12/4/1996,06-93343160,A+
Juliën,Knijff,male,6/1/1984,06-27516581,B+
Belia,Dogan,female,6/23/2002,06-71118671,O+
Marre,de Mos,female,7/14/1975,06-54194996,O+
Phyllis,Keulen,female,5/11/1955,06-11002433,O+
Mas,Timmerman,male,3/17/1952,06-11915170,O+
Melda,Filius,female,8/16/1978,06-75220835,A+
Vanessa,Diepenbroek,female,5/15/1998,06-18292697,A+
Aras,Scholten,male,7/12/1984,06-17407365,A+
Giovannie,Ket,male,9/30/1984,06-93744482,A+
Elysa,Kingma,female,12/25/1949,06-47000720,O-
Annelot,Copier,female,9/10/1952,06-78627988,O+
Bartje,Wilschut,male,2/11/1989,06-48456770,B+
Duuk,Lammerink,male,5/23/1951,06-39614321,B+
Razia,Jongedijk,female,1/25/1966,06-55928983,AB+
Emelie,Bakx,female,2/10/1994,06-65672934,B+
Hubertina,Versnel,female,10/9/1989,06-14669659,B+
Jaimy,Korterink,male,11/5/1978,06-26316561,A+
Soulaiman,Feringa,male,11/17/1981,06-74199675,O+
Aäron,van der Giesen,male,7/9/1988,06-40977343,B-
Kariem,van Kreij,male,2/10/1972,06-56312234,A+
Lijntje,Kasmi,female,9/17/1981,06-28370060,O+
Binck,van Vliet,male,10/8/2005,06-85612888,O-
Divera,Brandt,female,9/5/1957,06-28604691,A+
Reyhan,Vlek,female,1/25/1973,06-66495292,A+
Roy,Kol,male,7/19/1999,06-66827103,A+
Annicka,van Aalten,female,8/1/1980,06-36248942,A+
Mayella,Doppenberg,female,11/18/1981,06-94255134,A+
Djuri,Lensen,male,2/11/1987,06-24616349,A+
Lieselot,Berkhoff,female,6/15/1977,06-95995373,B+
Teoman,Braun,male,5/5/1959,06-75727253,O+
Josette,van Hese,female,10/12/1964,06-69583948,B+
Frédérique,van der Pols,female,12/27/1948,06-72569031,O+
Roselien,van der Kleijn,female,8/9/1967,06-54405407,A+
Chevy,Rens,male,3/21/1956,06-46148378,B+
Samyra,Oenema,female,11/20/1988,06-86927400,O+
Safwan,Smidt,male,4/13/1986,06-28258746,A+
Ludovicus,Lagas,male,6/16/1961,06-40593526,B+
Ilja,van den Nieuwenhuizen,female,5/19/1993,06-64451510,A+
Etiènne,Reekers,male,9/7/1999,06-32595280,A+
Kelsey,Köster,female,9/4/1950,06-45188594,A+
Folkert,van der Sar,male,10/4/1973,06-86429294,A+
Duuk,Massop,male,7/19/1981,06-99796375,O+
Suleyman,van der Zalm,male,9/8/1980,06-99442118,O+
Sierk,Wolswijk,male,2/23/1971,06-71488408,B+
Jimmy,Koevoet,male,3/13/1980,06-21816687,A+
Kubilay,Tamerus,male,4/7/1949,06-24393501,A+
Christan,Vis,male,10/18/1997,06-28036895,B+
Rozemarie,Savelberg,female,1/11/1975,06-64576758,A-
Münevver,Voorbraak,female,2/22/1971,06-77055125,A+
Aleyna,van Houwelingen,female,6/13/1979,06-32590546,O+
Joaquim,van Moorsel,male,10/15/1981,06-42440723,AB+
Oona,van Hamburg,female,5/4/1975,06-94180514,A+
Chanique,van Zetten,female,8/19/1961,06-39240353,AB+
Yuri,Bodelier,male,8/15/1967,06-64871234,O+
Josse,Rasenberg,female,11/23/1964,06-51884503,O+
Hagar,Beck,female,7/15/1964,06-34628661,O+
Mauritz,van Genugten,male,3/15/1992,06-21395656,B+
Faruk,Koets,male,5/30/1983,06-28460584,O+
Brecht,de Wit,female,2/1/1997,06-13266550,O+
Barry,Douwes,male,8/5/1998,06-77999458,O+
Recep,van Noorloos,male,3/16/1966,06-54700813,O+
Juri,Langeweg,male,2/8/1993,06-83850800,O+
Jonie,Weenink,female,10/26/1947,06-14046494,O+
Iza,Hugen,female,2/17/1956,06-32773199,A+
Tristen,Hofstee,male,1/17/2003,06-67197704,B+
Ashley,Kaag,female,4/29/1989,06-61553451,A+
Sharonne,Schilperoort,female,8/31/1960,06-25538240,A+
Radha,Bronk,female,10/8/1978,06-59439166,O+
Alco,Tuin,male,10/31/1992,06-60608593,O+
Ebrar,Voorbij,female,9/11/1988,06-93209759,B+
Yu,Engelsma,female,11/14/1978,06-86815888,O+
Cesar,Mosselman,male,3/29/1994,06-11960797,O+
Sterre,de Bruine,female,7/31/1986,06-23988749,AB+
Keltoum,Sterenborg,female,3/15/1998,06-52964058,B+
Storm,Voermans,male,8/19/1952,06-15313602,A+
Milan,Eissens,male,11/10/1950,06-50579465,B+
Heather,Bontekoe,female,6/3/1979,06-71735323,A-
Maite,Mensink,female,5/10/1995,06-27020646,O+
Beaudine,Rijkers,female,6/18/2005,06-11948319,O+
Una,Ritsema,female,11/26/1959,06-61535494,A+
Fleur,Franken,female,8/5/1978,06-98765045,A+
Bono,Spa,male,10/16/1986,06-52315501,A+
Münevver,Koeslag,female,6/26/1999,06-35202962,O+
Nitin,Cijntje,male,12/11/1984,06-88968648,A+
Maran,Dubbelman,female,4/17/1955,06-42081077,O+
Emilius,Koper,male,2/16/1993,06-49341032,O+
Wiebe,Mauritz,male,5/28/1995,06-22614509,A+
Gianluca,Stelling,male,11/17/1965,06-37749242,A+
Gianna,van Beusichem,female,9/28/1977,06-14768324,O+
Valencia,Messchendorp,female,10/23/1966,06-32658004,A+
Manita,Groenewoud,female,5/12/2000,06-17387884,A-
Paolo,Hassing,male,12/22/1994,06-35314906,O+
Babs,Stoker,female,6/12/1983,06-93666380,O+
Hisham,van Amelsvoort,male,8/20/1987,06-46319798,O+
Tansu,Joling,female,10/9/1967,06-95909359,O+
Hélène,Koelink,female,2/15/1964,06-40144417,B+
Sertan,Leeuwenburgh,male,11/26/1974,06-60342745,B+
Fatma,Ramos,female,1/11/1987,06-86946069,B+
Cem,van Sprundel,male,11/13/2002,06-92780985,A+
Irini,Roerink,female,1/8/1981,06-85624934,A-
Elaine,Ossel,female,11/7/1997,06-72369469,O+
Tido,Dillen,male,4/18/2002,06-38213958,B+
Hisham,Aartsen,male,5/10/1984,06-66722615,O+
Arsenio,Schuring,male,9/21/1990,06-81873968,B+
Sade,Hoedjes,female,12/31/1999,06-96319373,B+
Elio,Dörenberg,male,8/30/1998,06-65761892,O+
Irina,Krop,female,12/10/1964,06-78732912,A+
Bastijn,Hogenhout,male,6/20/1991,06-95445308,O+
Kristian,te Molder,male,10/12/1960,06-48691512,AB+
Hannes,van Zuijlen,male,10/7/1957,06-35080543,B+
Everdine,Brown,female,1/22/1981,06-84132589,O+
Hylke,Legerstee,male,2/24/1959,06-39658011,A-
Thorsten,van der Weerd,male,6/13/2005,06-86121237,A+
Rowan,Breukers,male,8/9/1987,06-87760748,O+
Angelien,Ekici,female,2/26/1997,06-93556690,A+
Anne-Mieke,van Vloten,female,12/12/1952,06-83705896,B-
Satish,Vlaar,male,12/23/1963,06-41634749,O+
Mathys,Lub,male,9/17/1999,06-33983965,O+
Rosana,Berghorst,female,5/26/1992,06-29868768,O+
Alannah,Methorst,female,10/3/1972,06-50681967,O+
Helmich,Meulenbelt,male,7/25/1976,06-40373100,O+
Chen,Warnier,male,3/30/1978,06-26927012,A+
Pınar,Polling,female,9/7/1976,06-63489467,B+
Selena,van der Schoot,female,9/3/2001,06-46838555,AB+
Natan,Hovens,male,10/1/1948,06-31585152,O+
Marchje,Bras,female,8/8/2004,06-89539483,B+
Serah,Hereijgers,female,5/9/1965,06-94525702,O+
Hendri,Dautzenberg,male,2/4/1984,06-22753338,A-
Sahel,van Haagen,male,8/24/1960,06-20217325,B+
Nisrine,Rijks,female,11/12/1990,06-80352734,O-
Bora,Rijkens,male,6/16/1963,06-94490129,O+
Rayn,Besseling,male,8/1/1948,06-49313382,O-
Hillebrand,van Dijken,male,7/29/2003,06-22957222,A+
Rudolf,Lakeman,male,7/15/1951,06-34523803,B+
Pippi,Keurhorst,female,10/13/1969,06-18520758,A-
Bernhard,Horsten,male,5/14/1965,06-86201223,AB+
Jayla,Smink,female,1/16/1964,06-51397329,O+
Onne,Hofsteenge,male,12/24/1991,06-79060635,O+
Oğulcan,Feld,male,4/8/1959,06-92543788,A+
Barend,Engelaar,male,2/11/1987,06-15288089,O+
Rubin,Baidjoe,male,3/13/1956,06-61169820,B+
Tyrza,Hanegraaf,female,1/18/1949,06-69453250,A+
Michelle,van de Laar,female,10/15/1997,06-53482843,A+
Amine,Schomaker,male,11/15/1971,06-48146380,B+
Elvira,Leenaars,female,3/10/1991,06-57514102,AB+
Marischa,Houthuijzen,female,9/27/1948,06-60585067,B+
Tanisha,van de Pas,female,3/30/1978,06-74837852,O+
Romero,Weller,male,5/17/1953,06-96703587,B+
Chrisje,Wegman,female,1/30/1966,06-17107293,A+
Diégo,Berben,male,11/13/1960,06-32494455,B+
Rhona,van de Rijt,female,3/28/2006,06-39330712,O+
Jozefien,van Kruistum,female,10/15/1987,06-81855395,AB+
Walid,Stappers,male,3/5/1983,06-29672547,AB+
Mathieu,van der Meijs,male,12/28/1953,06-23544773,B+
Evren,Aydemir,male,7/2/1997,06-96631467,A-
Zuzanna,Scheurwater,female,8/16/1996,06-91079422,A+
Kiran,Haaijer,male,6/18/1990,06-55513720,A+
Eugenia,Zwolsman,female,3/5/1992,06-56476430,B+
Aliene,van de Poel,female,10/13/1993,06-86782494,A+
Denisa,Schoof,female,10/4/2002,06-54079025,O+
Yoëlla,Kranendonk,female,11/27/1984,06-80726653,A+
Zeno,van Wel,male,12/20/1985,06-72435712,O+
Aalt,Krabbe,male,6/15/1947,06-98692293,O+
Katja,Hooiveld,female,8/15/1993,06-31495825,O+
Esra,Lammerink,male,3/15/1949,06-59298413,B+
Abram,Vroegop,male,2/25/1985,06-45057856,O+
Hava,Heldoorn,female,8/3/2001,06-41341044,AB+
Jeannine,Bruines,female,2/25/1983,06-49233050,O+
Mirac,van Leenen,male,6/15/1975,06-38891028,O+
Dwayne,Kalk,male,10/17/1966,06-31512379,O+
Jaiden,Kouwenhoven,male,9/17/1947,06-93456885,A+
Raja,Gielis,female,11/19/2002,06-35389778,O+
Gerco,van der Kroft,male,10/22/1989,06-11983902,B+
Thieme,Moes,male,6/19/2002,06-30878822,O+
Libby,Lamens,female,7/29/1967,06-16477391,B+
Johanan,Kap,male,8/29/1952,06-61343825,O+
Nabil,Vissers,male,4/30/1965,06-95639075,A+
Bonno,Wang,male,7/4/1981,06-90627746,AB+
Aydan,Ruiten,female,12/15/1978,06-49661146,A+
Igor,Brookman,male,10/16/1984,06-16586816,O+
Diya,van Beuningen,female,5/5/1984,06-54621454,A+
Ryo,Zonneveld,male,8/4/1977,06-42062007,B-
Leana,Gabriëls,female,11/15/1971,06-97193912,B+
Nevzat,Solleveld,male,12/20/1960,06-85860156,O+
Dragana,Sheikh,female,11/4/1978,06-52244077,AB-
Attila,Hamers,male,3/25/1963,06-16725709,O+
Mohamad,Paans,male,4/1/1994,06-62760847,A+
Beert,van Wersch,male,1/2/1971,06-29005255,A+
Lorraine,Riemens,female,6/21/1952,06-55523910,O+
Nanine,van Lent,female,10/4/1955,06-78912801,A+
Talha,Farla,male,4/27/1966,06-58022751,B+
Vanity,Woldendorp,female,2/14/1987,06-91784826,O+
Artje,Spierenburg,female,9/23/1964,06-10381769,A+
Simen,van der Laan,male,1/30/2002,06-61580707,B+
Desi,Horbach,female,5/16/1998,06-23376994,O+
Greetje,den Hollander,female,3/19/1955,06-93279968,A+
Wiep,Wammes,female,9/2/1967,06-76927317,O-
Lies,Rutjes,female,10/13/2000,06-39294165,A+
Angus,Staps,male,4/29/1970,06-26506899,B+
Aleksandra,Kerseboom,female,1/19/1974,06-89169503,B+
Yücel,van Oosterhout,male,10/12/1993,06-42584355,O+
Anco,Doornink,male,6/16/1962,06-32756844,B+
Hashim,Niehof,male,3/4/2000,06-79873361,O+
Holly,Beumer,female,6/9/2004,06-32209600,A+
Diego,Ibrahim,male,11/10/1988,06-94210306,B+
Gerrie,Pluimers,male,7/20/1948,06-79112567,B+
Ricky,van den Haak,male,3/26/1994,06-47618192,B+
Yorrick,Zuurmond,male,5/7/1947,06-39096811,A-
Charel,Loeffen,male,6/11/1966,06-89610712,O+
Zahide,Heezen,female,9/20/2005,06-76097119,O+
Soulaiman,van Kleef,male,9/10/1961,06-37008060,O+
Can,Venneman,male,5/25/1948,06-28009374,A+
Ceylin,Rentenaar,female,2/5/1948,06-44905519,B+
Hafida,Beentjes,female,6/13/1975,06-85291849,A+
Sheldon,Greidanus,male,5/2/1953,06-87743123,O+
Giano,Kwee,male,12/23/1975,06-44739701,O+
Wassima,Voois,female,5/1/1986,06-91374086,A+
Josie,Nelemans,female,4/13/2005,06-21391278,A+
Elliott,Rijs,male,7/19/1974,06-55052729,O-
Ya,de Beurs,female,11/24/1986,06-45713197,A+
Anouchka,Klasens,female,7/5/1976,06-32875338,A+
Davut,Goudsmit,male,12/17/1954,06-68796731,O+
Muhammed,Kampen,male,6/22/1951,06-15773304,O+
Nanda,Videler,female,10/12/1996,06-30845379,A+
Tyrza,van der Schee,female,5/15/1950,06-43722668,O+
Nassim,Spanjers,male,6/16/1999,06-47142212,O+
Mellanie,Heijne,female,9/2/1977,06-14948659,O+
Elja,Poiesz,female,12/15/1953,06-91528868,A+
Ietje,Telkamp,female,2/4/1962,06-80146674,B+
Sabir,Bakkum,male,9/10/2002,06-67892326,B+
Inez,Kwee,female,7/7/1988,06-94452391,AB+
Sahila,Ubachs,female,12/30/1960,06-85934707,O+
Lynette,Lambregts,female,5/28/1959,06-60435183,O+
Harma,Steketee,female,10/24/1962,06-23133606,A+
Indie,Beijersbergen,female,3/26/1980,06-60872162,O+
Yassin,Teerink,male,8/12/1950,06-34075127,B+
Hielke,van der Zwart,male,11/20/1979,06-91762134,AB+
Dilan,Reinink,male,1/8/2001,06-56238562,A+
Varsha,de Raaf,female,7/30/1974,06-31973898,A-
Railey,Willekens,male,6/30/1954,06-96645345,A+
Brayen,Huttinga,male,11/29/1993,06-22193532,B+
Kadriye,Spieker,female,11/6/1965,06-15750445,AB+
Junior,Bracke,male,3/25/1963,06-73842844,O+
Grace,Booijink,female,9/14/1959,06-92051974,O+
Mutlu,van Melis,male,11/9/1979,06-89729634,A+
Tesse,Dongelmans,female,7/23/1956,06-66954401,O+
Fernanda,Marks,female,8/28/1952,06-41030116,B+
Stephano,Ruijs,male,11/16/1989,06-79545339,O+
Mouad,Veenhoven,male,5/26/1988,06-20807154,A+
Jesmer,de Grijs,male,6/2/2001,06-60902712,B+
Soeradj,Sneller,male,2/2/1978,06-84937865,O+
Devin,Sepers,male,6/14/1992,06-22549641,B+
Ester,Smelt,female,5/4/1978,06-92949340,A+
Kurt,Smook,male,1/21/1983,06-44221490,B+
Arda,Moons,female,11/26/1957,06-32902478,AB+
Nataly,Slabbers,female,1/2/1997,06-56104321,A+
James,Pollemans,male,7/30/1974,06-47635853,AB+
Wikash,Paffen,male,6/27/1992,06-11832638,O-
Aradhana,Klos,female,7/22/1996,06-87045261,A+
Noufissa,van de Meerendonk,female,1/23/1987,06-95440989,AB+
Mariella,Hoeke,female,9/6/1997,06-69096566,B+
Gökçe,van Ree,female,9/11/1950,06-93750100,O+
Oliver,Groot Wassink,male,11/13/2000,06-60548367,O+
Faisa,Velthuis,female,8/21/1953,06-21173833,B+
Ate,Bout,male,9/4/1961,06-89679511,A+
Bahri,Geerling,male,6/26/1955,06-61087812,O+
Funs,Walburg,male,10/28/1967,06-73818473,A+
Waïl,Klep,male,6/11/2001,06-34442269,A+
Yoshi,Colijn,male,10/6/1977,06-67913608,B+
El,Beekmans,female,2/29/2004,06-79641850,A+
Jarne,Loonstra,male,5/21/2004,06-22442299,O+
Giuliano,Holsappel,male,3/2/1969,06-22890484,A+
Madelaine,Rijsbergen,female,4/15/1958,06-47171458,O+
Kai,Sneller,male,1/8/1964,06-86807693,A-
Jasmina,Hanegraaf,female,6/17/1971,06-39302973,B+
Ebenezer,Ravensbergen,male,2/28/1992,06-56416967,O+
Gies,van de Vijver,male,7/22/2003,06-81896498,O+
Ane,Veerkamp,male,7/13/1954,06-60199420,A+
Annelien,Raaijmakers,female,2/7/1968,06-51560352,B+
Berber,Tieben,female,11/24/1954,06-36104336,B+
Silvano,van der Spek,male,9/25/1996,06-24850165,A+
Rasmus,Rommens,male,4/3/2006,06-52773536,O+
Sarafina,Linde,female,4/30/1954,06-10221437,O+
Josien,van Liere,female,7/12/1955,06-33131394,A+
Keziban,Demirci,female,3/22/1951,06-38600529,A+
Shun,van Driel,male,11/9/1992,06-40696783,A+
Bernadet,van Faassen,female,2/17/1958,06-94397234,A+
Viola,Snoeij,female,9/7/1968,06-96710026,A+
Giovanny,Winder,male,3/29/1996,06-54154021,A+
Oğuz,van den Nieuwenhuizen,male,5/6/1979,06-21631772,O+
Jayro,Vergoossen,male,8/7/1970,06-31602746,B+
Jurrien,Youssef,male,11/20/1951,06-74603717,O+
Keisha,Hegge,female,1/29/1965,06-30732627,AB+
Sybe,Hulscher,male,4/2/1971,06-71337360,O+
Madelief,Mossel,female,3/18/1967,06-64859594,B+
Djamila,Hakvoort,female,3/31/1991,06-69734990,A+
Evert-Jan,van Geel,male,7/6/1957,06-71579395,O+
Katy,van Elteren,female,10/22/1973,06-61695151,A+
Wanda,Davelaar,female,3/17/2000,06-37624425,O+
Diégo,van Waes,male,2/22/1975,06-27661556,O+
Sohaïb,Manuhutu,male,11/17/1978,06-23709521,O+
Djoey,ten Napel,male,8/1/2003,06-28336712,B+
Chaim,Billekens,male,8/31/1998,06-50735125,B+
Anneloes,Swarts,female,4/16/1964,06-62224525,O+
Lars,Niezen,male,8/8/1980,06-10483907,B+
Francesco,Op den Camp,male,12/31/1994,06-83945765,O+
Amélie,Michels,female,10/18/1967,06-63542429,B+
Jasmijn,van Vuure,female,10/31/1977,06-77354990,B+
Boy,van Batenburg,male,5/15/1986,06-65510881,A-
Nikay,van Helvoirt,male,7/26/1984,06-42176833,B+
Inez,Tolenaars,female,6/29/1949,06-20067684,O+
Tieme,Pepping,male,8/9/2004,06-49928761,A+
Lindomar,Poppelaars,male,5/12/1971,06-67770780,A-
Sefa,Wals,female,1/6/1955,06-20545724,A+
Hafsa,van Bavel,female,1/31/1964,06-79975597,O+
Sohaila,Slangen,female,6/17/2000,06-47427881,B+
Gijsbrecht,Bijnen,male,3/16/1989,06-15125343,B+
Usman,de Nijs,male,12/26/1978,06-88704767,A+
Zakariya,Toering,male,1/12/1985,06-79877452,O+
Rojin,Doodeman,female,8/15/1975,06-99537318,O+
Meri,Kosterman,female,3/26/2006,06-94158106,O+
Oeds,Westhof,male,9/15/1956,06-53414511,A+
Rosaline,Arts,female,11/7/1965,06-19330245,O+
Hamid,Helling,male,2/7/1971,06-49065483,O+
Patrique,Kamper,male,5/20/2005,06-41101143,B+
Caitlin,van der Lek,female,2/1/1967,06-38495846,A+
Yara,van Zanden,female,3/7/1982,06-14236633,O+
Delila,Witlox,female,11/19/1988,06-20631184,O+
Nevzat,van der Smissen,male,7/4/1959,06-20564512,O-
Endy,Viergever,male,6/3/1979,06-29136183,B+
Quintin,van Dorst,male,4/28/1962,06-47203130,A+
Odile,Muijs,female,4/27/1958,06-58507679,A+
Dominick,van den Hul,male,4/18/1986,06-82255957,O+
Berra,Imanse,female,7/11/1980,06-25373029,O+
Romé,van de Braak,female,1/8/2000,06-34287591,O+
Everardus,Pekel,male,1/1/1992,06-27277439,B+
Amisha,Buur,female,11/19/1977,06-76619468,A+
Naim,Hofs,male,3/17/1992,06-32696968,O-
Hinderika,Voets,female,10/22/2001,06-49703223,O+
Riana,Immers,female,11/28/1958,06-93645734,A+
Roshnie,Schillings,female,1/19/1968,06-75135818,B+
Jabir,Strous,male,4/4/1951,06-81621335,A+
Marthe,Hamoen,female,3/10/1981,06-24140428,O+
Shabana,Vinken,female,10/4/1998,06-17891242,B+
Alphons,Perdon,male,4/17/1984,06-55320930,O+
Mare,Hölzken,female,11/19/1957,06-17633449,A-
Yvanka,de Lijster,female,8/8/1989,06-28700510,AB+
Sylvester,Broekhoven,male,3/17/1992,06-22848322,B+
Indiana,Derkx,male,1/16/1985,06-49487993,A+
Angel,Walhout,male,9/27/1961,06-19688517,A+
Houssine,Boers,male,5/31/1976,06-71831060,O+
Hazar,Smaling,male,3/20/1979,06-92455576,AB+
Colin,Blok,male,10/1/2003,06-17717046,A-
Eise,Verkooijen,male,5/3/1950,06-10415671,A+
Mellanie,Schasfoort,female,12/1/1974,06-58257541,A+
Katherine,De Bruijn,female,4/22/1951,06-27987156,O+
Fiona,Emmens,female,6/21/2002,06-48611292,A-
Miles,Joling,male,6/17/1984,06-88986140,O+
Sherena,Op den Kamp,female,2/21/1972,06-85823956,B+
Marck,Werkman,male,6/6/1957,06-26900974,A-
Rocco,Derksen,male,1/11/1989,06-97493527,A+
Tjibbe,van Zantvoort,male,12/12/1952,06-31077050,O+
Tes,Burg,female,5/17/1983,06-46418308,B+
Loïs,Rooijakkers,female,9/3/1995,06-57881572,O+
Antoni,Manschot,male,3/16/1974,06-34334851,O+
Ischa,Baartmans,male,2/15/1949,06-19138650,O+
Yusuf,Harders,male,3/7/2004,06-40712359,O+
Tjerk,Vennik,male,2/2/1969,06-60357407,B+
Lucien,Lachman,male,11/1/1979,06-42056517,B+
Şaban,Rolvink,male,6/9/1949,06-89496684,A+
Elbrich,Veening,female,6/2/1961,06-62620867,A+
Ward,Pijnacker,male,4/10/1985,06-18941410,A+
Zakaria,Knijnenburg,male,4/29/1948,06-62642918,B+
Maickel,van Bergen,male,12/25/1983,06-93751018,B+
Jauke,Isenia,male,9/10/1976,06-93073526,B+
Tyrese,Schumacher,male,7/22/1954,06-42664595,B+
Wiebren,Luinge,male,4/15/1960,06-12375980,A+
Marein,Bijlstra,male,12/15/1995,06-67027228,O+
Antoon,Goedhart,male,5/17/1995,06-64413710,O+
Ilja,van Dulmen,male,11/13/1982,06-87120178,O+
Per,Starrenburg,male,9/18/1998,06-52032940,B+
Nana,Soekhai,male,4/4/1974,06-84183263,AB+
Célina,Engelsman,female,10/17/1953,06-45932896,A+
Damian,Hoveling,male,5/22/1970,06-50070781,A+
Dolly,IJsselstein,female,5/7/1984,06-54826279,O+
Janniek,Buisman,male,9/22/1970,06-36822685,B-
Yannic,Penterman,male,7/10/1989,06-62800208,O+
Jaafar,van Mierlo,male,5/21/1971,06-24814889,A+
Magali,Lentink,female,7/20/1999,06-22085511,B+
Tijmen,Gotink,male,2/9/1975,06-40856244,B+
Bruce,Snoeij,male,2/8/1976,06-87680632,A+
Evangeline,van der Wijst,female,5/20/2002,06-50917207,A+
Aimy,de Kloe,female,8/18/1994,06-79250228,A+
Leilani,Vastenburg,female,8/13/1974,06-26698750,A+
Bauke,van Koert,male,7/26/1964,06-75462553,A+
Paris,Hoff,female,1/5/1976,06-11790240,AB+
Jetty,Koel,female,9/5/1957,06-82076929,B+
Ngoc,de Pee,male,11/21/1981,06-37993351,A+
Amier,Wijnhoven,male,11/15/1990,06-55081122,B-
Nicolas,van Uffelen,male,5/1/1961,06-93695418,A+
Bethany,Verkooijen,female,6/16/1994,06-63337009,A+
Davey,van Aalten,male,7/25/1952,06-12618233,O+
Naziha,Haaksma,female,5/23/1950,06-75943970,B+
Wicher,Stap,male,5/17/1970,06-35082092,A+
Sion,Dooper,male,11/16/1984,06-75076875,A+
Tiana,Wibier,female,6/28/1967,06-19963228,B+
Karima,Mok,female,7/15/1970,06-18332005,O+
Cuno,Anthony,male,10/21/1980,06-59056474,O+
Yasir,Lutters,male,11/9/1968,06-42209340,O+
Salomon,Schrauwen,male,8/18/1951,06-49214752,O+